{"cameraMode":{"drawMode":0,"name":"Shaded","section":"Shading Mode"},"sceneLighting":false,"audioPlay":false,"sceneViewState":{"showFog":true,"showMaterialUpdate":false,"showSkybox":false,"showFlares":true,"showImageEffects":true,"showParticleSystems":true},"in2DMode":false,"pivot":{"x":0.5600000619888306,"y":0.025000005960464479,"z":0.0},"rotation":{"x":-0.20334148406982423,"y":0.09764054417610169,"z":-0.020384356379508973,"w":-0.9740139245986939},"size":2.9250643253326418,"orthographic":false}